action,appearences
actions/checkout,7014
actions/setup-python,1553
avsm/setup-ocaml,3
actions/upload-artifact,1151
peaceiris/actions-gh-pages,31
appleboy/ssh-action,6
sobolevn/misspell-fixer-action,5
peter-evans/create-pull-request,48
actions/cache,1422
codecov/codecov-action,200
10up/action-wordpress-plugin-deploy,49
10up/action-wordpress-plugin-asset-update,20
actions/setup-java,799
eskatos/gradle-command-action,20
microsoft/setup-msbuild,44
joncloud/makensis-action,1
ruby/setup-ruby,171
shivammathur/setup-php,405
actions-rs/cargo,14
actions/setup-dotnet,189
rtCamp/action-slack-notify,5
actions/create-release,131
rohith/publish-nuget,2
goanpeca/setup-miniconda,28
actions/download-artifact,390
pypa/gh-action-pypi-publish,98
wagoid/commitlint-github-action,2
whelk-io/maven-settings-xml-action,11
actionshub/chef-delivery,135
actionshub/yamllint,36
actionshub/markdownlint,37
actionshub/chef-install,68
actionshub/test-kitchen,9
gaurav-nelson/github-action-markdown-link-check,39
actions/setup-ruby,299
actions/setup-node,171
GoogleCloudPlatform/github-actions/setup-gcloud,12
github/codeql-action/init,124
github/codeql-action/analyze,124
peaceiris/actions-hugo,10
actions/first-interaction,18
actions/stale,61
act10ns/slack,2
crazy-max/ghaction-chocolatey,4
octokit/graphql-action,1
github/codeql-action/autobuild,91
JamesIves/github-pages-deploy-action,22
actions/setup-go,47
pre-commit/action,15
dschep/install-poetry-action,10
paambaati/codeclimate-action,18
TimonVS/pr-labeler-action,3
toolmantim/release-drafter,7
kolpav/purge-artifacts-action,1
thefringeninja/action-minver,2
actions/upload-release-asset,202
dawidd6/action-download-artifact,3
ncipollo/release-action,4
DamianReeves/write-file-action,1
actions/github-script,35
gradle/wrapper-validation-action,59
burrunan/gradle-cache-action,12
scacap/action-surefire-report,5
srvaroa/labeler,2
release-drafter/release-drafter,33
dessant/lock-threads,5
google/oss-fuzz/infra/cifuzz/actions/build_fuzzers,12
google/oss-fuzz/infra/cifuzz/actions/run_fuzzers,12
ilammy/msvc-dev-cmd,26
octokit/request-action,26
DoozyX/clang-format-lint-action,6
charmixer/auto-changelog-action,3
actions/setup-elixir,5
burnett01/rsync-deployments,1
at-wat/bloom-release-action,1
at-wat/catkin-release-action,1
repo-sync/pull-request,4
emgre/setup-java,1
nuget/setup-nuget,16
automattic/action-jetpack-build-to-branch,1
jwalton/gh-find-current-pr,1
actions/labeler,4
automattic/action-required-review,1
numworks/setup-msys2,1
actionshub/kitchen-dokken,59
chris48s/approve-bot,1
r-lib/actions/setup-r,24
r-lib/actions/setup-pandoc,12
zendesk/checkout,8
zendesk/setup-ruby,7
jurplel/install-qt-action,64
baztian/coveralls-python-action,2
skx/github-action-publish-binaries,2
actions-rs/toolchain,17
samuelmeuli/action-maven-publish,12
artob/gitstamp-action,4
jenschelkopf/issue-label-notification-action,1
bernardo-mg/deployment-maven-settings-action,2
pact-foundation/release-gem,3
peter-evans/repository-dispatch,22
jessfraz/branch-cleanup-action,79
crazy-max/ghaction-docker-buildx,10
reviewdog/action-shellcheck,3
reviewdog/action-hadolint,1
actions-hub/docker/login,1
actions-hub/docker,1
softprops/action-gh-release,35
GabrielBB/xvfb-action,5
dschep/install-pipenv-action,9
BSFishy/pip-action,6
gsactions/commit-message-checker,6
scottbrenner/generate-changelog-action,3
xbmc/action-kodi-addon-checker,6
xbmc/action-kodi-addon-submitter,4
aws-actions/stale-issue-cleanup,2
bright-tools/clang-format-action,1
zeek/ci-email-action,1
browniebroke/action-github-changelog-generator,1
stefanzweifel/git-auto-commit-action,13
tiangolo/issue-manager,2
ad-m/github-push-action,8
brunoborges/justextract,1
canastro/copy-file-action,3
"",6
eregon/use-ruby-action,5
fnkr/github-action-ghr,1
ecampidoglio/cake-action,3
coverallsapp/github-action,13
elgohr/Publish-Docker-Github-Action,24
camunda/camunda-comment-action,7
RichiCoder1/vault-action,1
technote-space/toc-generator,1
shimataro/ssh-key-action,4
reitermarkus/automerge,3
Homebrew/actions/setup-homebrew,8
cirrus-actions/rebase,8
reitermarkus/rerun-workflow,3
Homebrew/actions/label-pull-requests,3
Homebrew/actions/review-cask-pr,3
Homebrew/actions/post-review,6
Homebrew/actions/git-user-config,1
StephaneBour/actions-php-cpd,1
crowdin/github-action,2
warrenbuckley/Setup-Nuget,7
warrenbuckley/Setup-MSBuild,14
cbrwizard/semver-release-action,1
ioquatix/setup-ruby,1
aws-actions/configure-aws-credentials,9
checkstyle/contribution/comment-action,1
chevah/auto-cancel-redundant-job,6
mxschmitt/action-tmate,2
docker/build-push-action,27
Ilshidur/action-discord,2
jakejarvis/s3-sync-action,8
chetan/invalidate-cloudfront-action,4
JasonEtco/is-sponsor-label-action,1
chrislennon/action-aws-cli,8
webfactory/ssh-agent,12
einaregilsson/build-number,3
samuelmeuli/lint-action,1
codevise/sassdoc-action,1
codevise/documentation-js-action,2
cognisant/code-review-checklist,2
s0/git-publish-subdir-action,4
roots/issue-closer,5
appleboy/scp-action,5
paulfantom/periodic-labeler,4
peter-evans/create-issue-from-file,2
meeDamian/github-release,1
darenm/Setup-VSTest,3
NuGet/setup-nuget,3
nikeee/docfx-action,2
alexjurkiewicz/setup-ccache,4
svenstaro/upload-release-action,69
rectalogic/notify-irc,5
crazy-max/ghaction-github-labeler,4
crondaemon/close-pr,1
github/super-linter,5
symfonycorp/security-checker-action,1
antoinealb/clang-format-action,1
andrewmcodes/rubocop-linter-action,9
jsmrcaga/action-netlify-deploy,2
danielpalme/ReportGenerator-GitHub-Action,1
RalfG/python-wheels-manylinux-build,5
DataDog/labeler,1
datamade/python-wheels-manylinux-build,3
lgeiger/black-action,5
containerbuildsystem/actions/flake8,1
containerbuildsystem/actions/markdownlint,1
containerbuildsystem/actions/shellcheck,1
wbari/start-mongoDB,2
papeloto/action-zip,3
digipost/action-maven-publish,6
unsplash/comment-on-pr,3
reactivecircus/android-emulator-runner,9
CvX/publish-rubygems-action,2
djordon/git-autotag-action,1
anothrNick/github-tag-action,4
nick-invision/retry,85
juliangruber/read-file-action,3
c-hive/gha-remove-artifacts,4
calibreapp/image-actions,2
valadas/get-release-branch-version,1
valadas/set-dnn-manifest-versions,1
lukka/run-vcpkg,8
akerl/action-checkout,1
akerl/upload-artifact,1
akerl/github-action-slack-notify-build,2
lots0logs/gh-action-get-changed-files,1
maxkomarychev/oction-create-issue,2
subosito/flutter-action,1
maierj/fastlane-action,2
kurocha/setup-cpp,1
kiegroup/github-action-build-chain,5
joschi/setup-jdk,9
technote-space/create-project-card-action,1
mschilde/auto-label-merge-conflicts,1
aws-actions/amazon-ecr-login,5
jaroldwong/ecr-push-and-ecs-deploy,2
seanmiddleditch/gha-setup-vsdevenv,6
BSFishy/meson-build,1
msys2/setup-msys2,14
Lukasss93/telegram-action,1
nanasess/setup-php,12
nanasess/setup-chromedriver,8
nanasess/composer-installer-action,2
Gr1N/setup-poetry,2
banyan/auto-label,3
tibdex/backport,10
elastic/elastic-github-actions/elasticsearch,14
mstksg/get-package,2
TrinityCore/GitHub-Actions,1
codacy/codacy-coverage-reporter-action,3
enonic/release-tools/publish-vars,1
christian-draeger/write-properties,1
EndBug/add-and-commit,4
enonic/release-tools/generate-changelog,1
jstastny/publish-gem-to-github,2
espressif/github-actions/sync_issues_to_jira,3
harmon758/postgresql-action,5
mirromutth/mysql-action,2
jakejarvis/wait-action,1
jwalton/gh-docker-logs,1
azure/docker-login,16
jen20/action-docker-build,2
EventStore/Automations/pr-check,1
azure/setup-helm,1
trilom/file-changes-action,3
deadsnakes/action,4
falconindy/arch-dockerbuild,2
localheinz/composer-normalize-action,1
dpryan79/github-actions/,3
battila7/get-version-action,1
mheap/github-action-required-labels,1
flarum/action-build,1
seanmiddleditch/gha-setup-ninja,6
deliverybot/deployment-status,3
flux-framework/pr-validator,1
r-lib/actions/setup-tinytex,1
crazy-max/ghaction-github-pages,6
goreleaser/goreleaser-action,5
tclindner/sentry-releases-action,1
olegtarasov/get-tag,2
actions/setup-haskell,1
davidanthoff/julia-pkgbutler,1
julia-actions/setup-julia,5
julia-actions/julia-buildpkg,3
julia-actions/julia-runtest,2
julia-actions/julia-processcoverage,2
julia-actions/julia-codeformat,1
julia-actions/julia-docdeploy,1
JuliaRegistries/TagBot,4
returntocorp/bento-action,6
gabrielfalcao/pyenv-action,2
srt32/uptime,1
axel-op/googlejavaformat-action,1
textbook/git-checkout-submodule-action,8
golangci/golangci-lint-action,3
getgauge-contrib/artifact_as_comment,1
geertvdc/setup-hub,5
bugdiver/setup-gauge,2
deliverybot/status,2
supercharge/redis-github-action,1
getsentry/action-github-app-token,2
volta-cli/action,4
getsentry/action-html-to-image,1
getsentry/action-visual-snapshot,3
getsentry/action-eslint-fix,1
getsentry/size-limit-action,1
getsentry/action-migrations,1
getsentry/craft,2
mislav/bump-homebrew-formula-action,2
hecrj/setup-rust-action,1
gnuradio/clang-format-lint-action,1
gocom/action-textpattern-package-plugin,4
jwlawson/actions-setup-bazel,1
hmarr/auto-approve-action,4
cycjimmy/semantic-release-action,5
WebFreak001/deploy-nightly,1
SamKirkland/FTP-Deploy-Action,4
carlosperate/download-file-action,4
lukka/get-cmake,3
lukka/run-cmake,10
shogo82148/actions-setup-perl,1
jwgmeligmeyling/spotbugs-github-action,1
check-spelling/check-spelling,1
r-lib/actions/pr-fetch,6
r-lib/actions/pr-push,6
zing-actions/setup-java,1
sgsaenger/create-release,1
mymindstorm/setup-emsdk,3
alex-page/blazing-fast-gh-pages-deploy,1
kamiazya/setup-graphviz,2
HorstBaerbel/action-cmake,1
HorstBaerbel/action-clang-format,1
HorstBaerbel/action-clang-tidy,1
HorstBaerbel/action-ctest,1
alex-page/github-project-automation-plus,1
technote-space/assign-author,1
nick-zh/composer,1
thedoctor0/zip-release,1
AButler/upload-release-assets,4
robotology/gh-action-nightly-merge,4
Icinga/docker-icinga2,1
Icinga/docker-icingaweb2,1
aws-actions/aws-codebuild-run-project,1
ThiefMaster/changed-files-action,1
InsightSoftwareConsortium/ITKApplyClangFormatAction,2
InsightSoftwareConsortium/ITKClangFormatLinterAction,5
ros-industrial/industrial_ci,6
irssi-import/actions-irssi/check-irssi,3
brpaz/hadolint-action,1
ReactiveCircus/android-emulator-runner,2
olafurpg/setup-gpg,1
technote-space/auto-cancel-redundant-job,2
kevinpainchaud/simple-ftp-deploy-action,1
jacobtomlinson/gha-find-replace,1
brandedoutcast/publish-nuget,8
snickerbockers/submodules-init,1
AdoptOpenJDK/install-jdk,6
php-actions/phpunit,1
ShiftLeftSecurity/scan-action,3
oleg-nenashev/jenkins-release-drafter,2
JeremySkinner/global-json-dotnet-install,2
cypress-io/github-action,3
frabert/replace-string-action,4
JJ/issue-greeting-action,1
srt32/git-actions,1
micnncim/action-label-syncer,3
DuckSoft/create-7z-action,2
actions/python,1
ashutoshvarma/setup-ninja,1
liri-infra/qmllint-action,1
jackstr/update-changelog,1
jackstr/create-pull-request,1
sbeyer/include-guards-check-action,3
jrl-umi3218/github-actions/install-dependencies,5
jrl-umi3218/github-actions/build-cmake-project,5
archive/github-actions-slack,10
jrl-umi3218/github-actions/build-conan-package,5
jrl-umi3218/github-actions/create-release,5
jrl-umi3218/github-actions/build-package-native,5
jrl-umi3218/github-actions/upload-package,5
jrl-umi3218/github-actions/upload-documentation,3
ammaraskar/sphinx-action,1
apple-actions/import-codesign-certs,1
snapcore/action-build,2
sonarsource/sonarcloud-github-action,4
Roang-zero1/factorio-mod-luacheck,1
bcomnes/cleanup-xvfb,1
dotnet/nbgv,5
meitar/jekyll-builder-for-github-pages-action,1
janbernloehr/github-setup-catkin,1
daniel86/junit-report-annotations-action,1
fastlane/github-actions/fastlane-env-reminder,1
fastlane/github-actions/communicate-on-pull-request-released,1
rojopolis/envkey-action,1
hole19/git-tag-action,1
ksokol/github-release-action,2
olafurpg/setup-scala,7
reviewdog/action-eslint,2
reviewdog/action-yamllint,1
github/ossar-action,4
github/codeql-action/upload-sarif,7
relekang/python-semantic-release,2
Azure/docker-login,1
niden/actions-memcached,1
enriikke/gatsby-gh-pages-action,1
jpetrucciani/mypy-check,1
uraimo/run-on-arch-action,3
linz/linz-software-repository,1
ibiqlik/action-yamllint,1
gr2m/create-or-update-pull-request-action,10
the-coding-owl/action-typo3-extension-repository-upload,1
geekyeggo/delete-artifact,4
codespell-project/sort-problem-matcher,1
TrueBrain/actions-flake8,3
codespell-project/actions-codespell,1
gerbal/always-cache,3
pascalgn/automerge-action,3
christian-draeger/read-properties,1
pascalgn/npm-publish-action,1
excitedleigh/setup-nox,1
JimCronqvist/action-ssh,2
manimaul/android-builder-action,3
manusa/actions-publish-docker,1
camptocamp/backport-action,3
camptocamp/initialise-gopass-summon-action,10
ridedott/dependabot-auto-merge-action,3
Gaurav0/backport,1
arma-actions/sqflint,1
homoluctus/slatify,20
leafo/gh-actions-lua,6
leafo/gh-actions-luarocks,4
cachix/install-nix-action,6
cachix/cachix-action,2
aws-actions/amazon-ecs-render-task-definition,3
aws-actions/amazon-ecs-deploy-task-definition,3
8398a7/action-slack,5
s-weigand/setup-conda,1
malinskiy/action-android/install-sdk,6
malinskiy/action-android/emulator-run-cmd,3
potiuk/cancel-workflow-runs,5
engineerd/setup-kind,1
repo-sync/github-sync,1
tim-actions/get-pr-commits,1
tim-actions/dco,1
jidicula/clang-format-action,1
fusion-engineering/setup-git-credentials,5
moderntribe/action-tribe-phpcs,3
travisj/build-number-action,1
codfish/semantic-release-action,1
gittools/actions/gitversion/setup,4
gittools/actions/gitversion/execute,4
Mudlet/lupdate-action,1
hexrabbit/whitespace-lint,1
reviewdog/action-rubocop,1
marvinpinto/action-automatic-releases,8
fnkr/github-action-git-bash,1
nasa-gibs/trufflehog-actions-scan,1
houseofmaldorne/rsync-deploy,1
nexmo/github-actions/nexmo-changelog,2
peter-evans/create-or-update-comment,4
maxheld83/ghpages,3
larsoner/circleci-artifacts-redirector-action,2
peter-evans/close-issue,2
peter-evans/close-pull,1
aws-actions/aws-cloudformation-github-deploy,1
hashicorp/setup-terraform,2
lemonarc/jekyll-action,1
imjohnbo/gh-polls-bot-action,1
webispy/checkpatch-action,1
Pendect/action-rsyncer,2
garygrossgarten/github-action-scp,3
sonots/slack-notice-action,1
peternewman/actions-flake8,1
jpmcb/prow-github-actions,1
rokroskar/workflow-run-cleanup-action,2
voxmedia/github-action-slack-notify-build,3
dev-drprasad/delete-older-releases,1
michaeljolley/aggregit,6
openwrt/gh-action-sdk,1
pullpreview/action,1
ashutoshvarma/action-cmake-build,1
lukka/set-shell-env,2
eregon/publish-release,1
ChristophWurst/xmllint-action,1
shalzz/zola-deploy-action,1
phpDocumentor/coding-standard,2
phpDocumentor/phpstan-ga,2
shivammathur/cache-extensions,13
maxim-lobanov/setup-xamarin,1
bruceadams/get-release,1
Azure/login,1
azure/webapps-deploy,1
matomo-org/github-action-plugin-translations,9
zhulik/redis-action,2
srggrs/assign-one-project-github-action,3
dangoslen/changelog-enforcer,1
py-actions/py-dependency-install,1
turleypol/create-release,1
turleypol/actions-status-discord,6
goto-bus-stop/standard-action,1
skaut/wordpress-version-checker,1
getong/mariadb-action,3
plettich/action-codespell,1
Ilshidur/action-slack,24
mheap/phpunit-matcher-action,2
mattnotmitt/doxygen-action,2
pufferpanel/download-artifacts,5
scarhand/actions-ruby,6
puppetlabs/action-litmus_parallel,17
puppetlabs/action-litmus_spec,11
julianoes/Publish-Docker-Github-Action,23
styfle/cancel-workflow-action,24
johnwbyrd/update-release,1
ilammy/setup-nasm,1
WyriHaximus/github-action-get-previous-tag,2
shogo82148/actions-upload-release-asset,2
drdanz/rebase,1
wei/curl,1
ros-tooling/setup-ros,1
ros-tooling/action-ros-ci,1
s4u/maven-settings-action,3
ridedott/merge-me-action,1
SonarSource/sonarcloud-github-action,2
Axel-Naumann/gitnotifier-ghaction,1
montudor/action-zip,1
nerrad/automations,1
perl-actions/install-with-cpanm,1
rtCamp/action-wordpress-org-plugin-deploy,2
MSP-Greg/setup-ruby-pkgs,3
AkhileshNS/heroku-deploy,1
chromaui/action,1
roots/issue-closer-action,1
samuelcolvin/codecov-action,1
m273d15/java-format-action,1
asdf-vm/actions/install,1
ouuan/install-qt-action,3
akenmorris/install-qt-action,2
dawidd6/action-send-mail,1
rzr/fediverse-action,1
BjornLuG/release-for-reddit-action,1
seL4/ci-actions/gitlint,2
seL4/ci-actions/git-diff-check,2
seL4/ci-actions/bashisms,2
seL4/ci-actions/link-check,2
seL4/ci-actions/style,2
seL4/ci-actions/standalone-kernel,1
seL4/ci-actions/preprocess,1
seL4/ci-actions/license-check,1
seporaitis/rpmbuild-centos6-github-action,1
seporaitis/rpmbuild-centos7-github-action,1
seravo/action-wordpress-plugin-asset-update,5
Actions-R-Us/actions-tagger,1
allenevans/set-env,1
arthurnn/code-scanning-rubocop/rubocop-action,1
digitalocean/action-doctl,1
smashwilson/az-infra/actions/azbuild,1
smashwilson/az-infra/actions/azsync,1
mikeal/merge-release,1
samuelmeuli/action-snapcraft,1
shinhwagk/actions-crypto,1
SonarSource/gh-action_LT_release,7
SonarSource/gh-action_dogfood_merge,3
SonarSource/gh-action_nightly_build,3
sot/setup-miniconda,4
spacetelescope/action-publish_to_pypi,1
reviewdog/action-cpplint,1
salsify/action-detect-and-tag-new-version,1
kt3k/license_checker,1
mathieudutour/github-tag-action,1
K-Phoen/semver-release-action,3
codelytv/pr-size-labeler,1
talbring/jenkins-release-drafter,1
rbialon/flake8-annotations,1
SublimeText/syntax-test-action,1
aktions/codeclimate-test-reporter,10
benc-uk/workflow-dispatch,2
pat-s/always-upload-cache,1
varunsridharan/action-repository-meta,15
varunsridharan/action-vs-utility,15
varunsridharan/action-apigen,5
m1ner79/Github-Twittction,5
pxgamer/composer-action,6
varunsridharan/action-wp-org-deploy,5
Roang-zero1/github-upload-release-artifacts-action,6
patrickjahns/version-drafter-action,1
mikefarah/yq,1
github-actions-x/commit,1
technote-space/get-diff-action,9
egorpugin/sw-action,1
eine/setup-msys2,1
andymckay/pycodestyle-action,1
Gottox/irc-message-action,6
rips/github-action-scan,1
helaili/jekyll-action,3
thraxil/django-deploy-action,1
juankaram/sentry-release,1
toshimaru/auto-author-assign,1
pullreminders/slack-action,1
nuuday/github-changelog-action,1
jandelgado/gcov2lcov-action,1
gleam-lang/setup-erlang,3
two-pack/redmine-plugin-test-action,2
Yikun/hub-mirror-action,1
n1hility/cancel-previous-runs,3
votca/actions/changelog,2
votca/actions/setup,4
votca/actions/copyright,2
votca/actions/release_changelog,2
votca/actions/forward,2
wanduow/action-cloudsmith-upload-packages,2
wanduow/action-bintray-upload-debian-packages,1
wanduow/action-bintray-upload-rpm-packages,1
xmake-io/github-action-setup-xmake,1
past-due/turnstyle,3
past-due/fetch-release-info,2
wmde/git-filter-repo-docker-action,1
elgohr/Github-Release-Action,1
shyim/junit-report-annotations-action,1
andstor/file-existence-action,8
dev-drprasad/delete-tag-and-release,1
wip/action,1
mstksg/setup-stack,1
miloserdow/capistrano-deploy,1
vitalyliber/dokku-github-action,1
umutphp/php-var-dump-check-action,1
overtrue/phplint,1
StephaneBour/actions-php-security-checker,1
superchargejs/redis-github-action,2
spoutn1k/mcmap-benchmark,1
spoutn1k/clang-format-action,1
thomaseizinger/keep-a-changelog-new-release,1
mindsers/changelog-reader-action,1
zendesk/cache,1
kappmeier/github-actions-maven-release,5
r-lib/actions/run-rchk,1
andstor/copycat-action,13
zooniverse/label-when-approved-action,1
